file,checksum
b4346b477c22.h5,71ba03cfe758730a8443806e5ddbb2c5dc903fd5316b3898b40eeaaa12a393c4
bxOV6Vs2nY.h5,865cbb11214e1821c5dddbc2e0a07b6e376d4376983a7163e1225db0eb058a46
1ad329a49382.h5,45131f3f15b9ff10bce94a61aec25a6ae6ee9244a4c6ebce8b0a5ee774903dae
f92b64f9974a.h5,e266cdc3ae6e5389834a577157886793e59a0c7e90ae057bedf5cccb8d5c8442
VK29C3SA.h5,eb6f253a09554f7eba92fd8332d0ae04edd59f35dee38d9c95da15c480c49efd
RF3da83a1.h5,ab69f77ead24a5b3ad83b85a1b8e1938b1da33365057eb07f2650e8a01f23e4e
37110bb06731.h5,44f49e0b09fa5b95e49cb19de837d566c6f1b6d9ff7f567448e7dd69b9b364a6
UD68398A.h5,604d1d5156372c23a3276a3f0e55ac78b4c15b7d192a53404292112113f21859
K5Ap4XBS3l.h5,acd17ef042ea0428b63f37b7e054ab9be17af7e80486ff85472a8807ba3a9bd1
fVZMoJhK2G.h5,c874e515c19a8ada40a16d625e05b6b4467285b99a29c7e6c27a38e030f8b3ab
658fa146671c.h5,e58f14f73b9b7ce32cbcf242af1fa50b56729609bd7b3b346dbc775f4c58bd70
d93aea314767.h5,b58dceac1cf0a2617009f5873848b483b7cdd8a3aeac3fdf6da4df85db9bb1c1
2H474FJ3.h5,ed87d602e4baabd986bd302b525f0e6b8e8658860f3946d2b674a55bfd2b7ff0
CLfn23rjjx.h5,d682847e62f0d5291fd880b54412f3e1fda69f6e8d7b278a009e9e0f01e360c5
jnkpkmSE6L.h5,21c278e1e32b5e8ea7c9d71d288a5fca5e48ae543bdc9d53665b7bd921ba87c8
cbf6b7aa8995.h5,a3f24e68915c247fb8bd2bfab7d6d209c5be68ed26bcafff11e10406e5200c4c
BF4DSHF5.h5,79655dbd87a7d4584f0de7de17e8a8e0412a8d847ff889743fb9524c3a373ae1
0d977f219de8.h5,0ca8cf20f1d0a3a7009a9cde4592644451bbc20c97130bac14db05f04ff649c6
RF3da78ab.h5,d50995e952889dd82ac7807c097ec399efb963a140414de766c5df9a64a401c5
abfbd2e9d939.h5,0b321293e21ec28d260920cc17445b5c35033eb65bd6b76020cded8fb59452d5
RF3da6b76.h5,850ba34e3646fb0cd1a95470f90dd92afb87dfa7e55024495c3f084d5eb69040
7a0cc963102c.h5,9126f5b5edb29458e6177cfcea657b8d57561d1c9b20b649f2d298a070d58d53
RF3da57ed.h5,39dc9eaf6f8651f631abb50609109df0866585d6601af2f0d3c78ca9644f0fc7
91af00d799bb.h5,4649ad2281d7379cb01d9aeedb47e74cf154402aff051c4d96dfa4933e54d1e7
4e2c5d50ef31.h5,5982ff92292f3802d62cee4ba6411618ae856b545c6b1ea5af9220164678f149
1d78dfbd0bc7.h5,e6c95e4f71f8603ea690e615154c5dc48c9788e2bc871fa964ef2e2f57f8489c
RF3da8a96.h5,7429a07bdb8e4850971cb11d12d0248d692fd5da225ed055140a75af82ddaf78
63ACHUU8.h5,ba1f694d28f93cbd37e89c4da5bfee4639734af2832e8f454517f3b62c23179c
c67d74f4e1f1.h5,2835002f8bc29b86bbdb4ecff51bbec461e729c04524fa509f30d46427521dd5
96f031e7862d.h5,55417f4e869a166abf19c88e39dbb53832e99622fee9730ecda8ce54df4190cb
a54083d9905e.h5,e975c9e1e4c721b38d0e32369e58d18478f41ea1de3e9d141c02381ba570dc5f
RF3da92f6.h5,3df26d31f742c029c4420e20dc9b78309acda00022371b7b0de53aec97b29e34
kJLq53dCEe.h5,fb7e423e581b27492a7b7831f68afc972e71ef6de9ea84f05260d1262885a358
ca94cedb223b.h5,33793c2894f364176b5088003024c8d633456c089a35da3d61da5b97d9c24e1d
5M8AJV78.h5,f6856a7582bd1177f2e621222d2936ac7b3ea86a893ec01a5a69ddf12618998d
RF3da65f1.h5,3d62e043379cc65be47d32f263305ab073e3f75b5c0192e5dac2e1cbd2022836
SM8T2TT7.h5,43ec6a0974d272b5a374a4bc22f67925514f779161e410e2210fb442242b53f2
be9e267f006a.h5,86349e66924e5adbf97b589ec9cea98a4f4616a35f61f012bd6f6a5f36900b19
J2C8F6P5.h5,39e1f32cb4e02780425441989553e7d5e3b7c16f8cd9f08b3438bd01feabb7f1
FXUKCMQQ.h5,ac90ea921bc9ddb66ecbaaaec809a7b8968b6887fcebe937a0fee114a7d5eac9
RF3da37bc.h5,6a4ba3e2f39b38cd4e1e5470cefa1d0c035c174856c279097fae91a2055ae58f
47b4ead9c5bb.h5,d53eeee7fe8fab35fa57e34f377bda304648922c2b8b76bea4a08d97778a8b37
57bokdWuQL.h5,92e495b5daebdba7c84e39c1074aaabd81fe472730fe23f581d8dbd0711b1bef
p4bcw9m5lf.h5,8f5e0330242a4c1f7785a2d6a7143c12f194596a5ddc2234c240d2901f1c515c
oQF63Dm06M.h5,18a698817edda0a005dd97476840e29d522d98f1b172f1e1ca8af76eeec65ed7
45a17cb521e2.h5,fe2595c2cbf2f3b98415e9d404f86c85ab287bf244d3a22b83e63251c38f6f68
RF3da5036.h5,3055a78ff1f786a52943aa9dc2778677f0f1e44dfb0b8be8a9a4b9d506d51a32
ZXNSQ492.h5,3f950ad65b7aa6f5b81886add12ede3593db70bfaf4439678bb5ce3f7198db96
a65d4c4a030f.h5,c0059cfac780ae5d8e0c708b264fc9fa14550f1c846387655ce66709241b1e6a
UU4HY5J3.h5,0355ef1b5ee88e3115618c7b3698735d876c560108c2185247c9823f3e86a3f0
AMZDXFJV.h5,47ed79e70b48a04e647da40693b693571cdc29310c6f21bd7245e9cf1ed46d1d
a30a16970602.h5,0ed8d6ae531f32f053ed2f4365e58c78b033502cae472d94f6e0bad754c487c0
42d66e7b675f.h5,60617cefea47d6688ffac1686d20f0052e892e2748654e2308603c0d4127b33e
66c8e5fd935d.h5,e559a2fe4aa960f151370215d015df413b52ff0e5b479b2c0e4ccda8dad98b57
elO2gDCJ09.h5,605173e0e0f423ae7a730f784922a71e5479e40686f6df6451914833768291f0
168582fac74b.h5,44380c534675082fe707f02cd363dc81d6fccae4ee286389e369f8a819467e82
3A6NEFUN.h5,79111baf08d99f0225f2487322ae395389a8901b52d09b49a40b71b6a3ca5284
p43qLGM4Sg.h5,5084fece9e04402da4c2bdb16fe8c0072ab30660b26a17c699a84047aa198b7d
6ME6XQMN.h5,19be5408864641c07074b8296a32058aef203bafc73590893d89668746863ed5
B5HX8QQF.h5,0a538917cbc66ed8c74c9657b19df6e7c2832c0a926cadb5ffacc69821905137
31bfd7cf5756.h5,d677f01d9721463321c18d812bfe55d4b1706342d7bf7363b8377b26125e671f
RF3da8934.h5,c88681c52515cb643a8d0665e0db2b05ca883f43ec628b7600d0ed1c66f4211e
a3a24d0c8472.h5,b6f6fc260631c62fffc9fa335968d78bd3bff456f55b0cf3104a5e71b60cc745
d09b2bf87e56.h5,c75c5079741c5935981daee1e61e4d4e9fcd8dd1855fe1ccc6342edf4b3ae278
RF3da85bc.h5,b49be0ce160ff3096058be7e145b6070bf08a76a9d8333d447622ca9cceb6501
f9ec96e3889c.h5,b990754d3b7d50b4a71addbbffc8885b35acf0ef382f0b74d51efdd9e65d5df6
EBCCJ5JF.h5,e4bbfabad3532f76e8eeccf56625be1bab0f60a90bc5b41daf75c18e3923dba7
5a523d839979.h5,2407bfc22ff1d520ab4e9b455598d8c6526104d32a1afbe39785ac8cdf812a24
7737Y4XU.h5,c0555b2c63b5dc44c75ed60f15b1cb717e5311a5a72964ea17022804c4c70abf
e742e901de52.h5,ad712f6819f899e7bbe286f708d29091a18338d7b266120be4483b1a78dfd293
RF3da3ee5.h5,65998619e43e40adf857303e15bc8f7f14189478b4b5532b8ce04cd72d195c61
3YT54ETZ.h5,cd74721a40f40d2ec1bba4faea5c2f32b5df1de5d0a5cbb6706ab9f23b9615e6
ae49b92322b7.h5,659640f8e4ed562760f26fa6c603b757385ad47fb85410348200ced00b1d5c71
vAneJ3iQ0u.h5,45f703f73f0d80285e76075671a3990ec36f1c84d1c3544dafd3e1bb1a10b039
EPDKVBJS.h5,3a2967c6af4a5da1db695351de16f3fa5066fdd4759885408aa812fef35f894a
RF3da8dd1.h5,9ae958dd005d81bcaa04975b74ba7aba573772e9bbe5040b7629c03286859216
RF3da8c5a.h5,bdfe196bf3b353302560b801d8f7cce21674b5e6513b2bd14b1e967d977b5f8d
016d9f751cfc.h5,742ef4df646a3dccf9634a7a7d79c1689436dd73d52ad83772225e86676b0ec6
32ZTQB8M.h5,9163c571a6239e976b02c621889ee4d2e35b9000f519a6d9770caddf73709fcd
6e961b61afed.h5,1748cd6438144c13cc02dbdc46c5653dc731347e785a9141490b307721b2ae60
9e63cb614637.h5,8638446b2b1b5cff9eb4fb6c887c66c1db1c70af51ccaa298cac92e178e61f46
DQPMT6QX.h5,fb986c4268cbcb69fa6fe9b84d9af8556e66dc55371b42b187bf9bd896be979b
5bd79da99ecc.h5,6d9da7f2afc469d9e288e6da4e5d27bf5cda9969d124bb7a6e544e7884696878
0324fdb8253e.h5,8c30496e564cb90df8812ef35d390773921ba5dbbe2c58203bf0402f2a729e93
RF3da782a.h5,18859f14154133c0423b8b0a609ed3d7e750d8fc0309b046ef7e0eed144606a5
qNctEITRSQ.h5,fc92119501570c54380400fede22e4bf5e32bfdb50ab6164ab2afab2c037a9af
Cb5pS6ZXlF.h5,45a8411df58286ad36cca6611f888b399f7142616a4595f0eb6df00a36aa26a1
5beec5920eed.h5,e23a90cf4905a2652c8fc9035f8d5f2dbbed265d15b2a3ff0d0a623f9298b534
0295c0c4dc1f.h5,58fb64ba04dd3e24ebeb2210c0bda11e9f22b98efec5f02368ef1814d1c0a7e7
dd5dd9039288.h5,061f41196e374ec6a7e2c71657d2f6b4f26463c410690ad17eb7872cce0ef972
RF3da83ab.h5,c105249eb1b9e2cc95f674473659c1f1a2d63df10e1222d8854b38b18d0f23fe
4d8eca1dfdf3.h5,9e750d3a8356f447ff71204bd70c956e507c6435d7aaea8ac4cd95c8f2f9189a
fbec9ec51cdd.h5,1f2b75a7271268b9d498650aca4b4f27be03603de5726074f23100c9c935e46d
c894d105853a.h5,aff9f6c14df136db37bc02c4486da65bdae4e1fdc490a6a5701e59ead0220115
RF3da5deb.h5,7867021a980386d473a21d15f7d39f93f1a00e056bb62c31061a035816b5a88b
03e5c813902a.h5,044abe62ffaad3aa87137e3f47c0d011bb0d58526fbfdb840bdba603c2cd3128
RF3da5da4.h5,f08793b9295c9b5745e0544eb27170c51147cd9d79d44d99cf673d9318a1b055
TKXZKCQA.h5,689ffdb5341bbb50679c9becce61d3bbc8275266e81f5e946befa3bcf402b506
0165835af003.h5,ace605a815c1d8d45e9f5fc3972cf7fc4e1f050f5347cda5c3b21a3de90fcd35
N3ejNK6xBI.h5,422074cd58baa288c9ecc875c94bc0100fbeb6ef6c3b3fd7be0f6a64743a4fb5
FKZZBVHQ.h5,2481c486bf681a898df12f7cfd0b4ba00e5231115995e1d50d3ff7a0065ce5db
7CQ383MA.h5,983d3f4601fc518fe9efe8f380e03702aae42179c2c481a14523d258b69723f3
3b07556ef795.h5,ec82df3b2d29c54361b65916470fac41fd0d92ec8215d1b297bb05443432d44d
e8db27bdbc0d.h5,e68b2b0dd3dd7cfd37cb61f6ccfa6a41ca4a1deae0178f7459d90d0844872f95
RF3da82ab.h5,c67c70f33ed2b40c0ff7337532a58b90575e652915a8888ba6341921a75aa975
da3ab1d9f771.h5,37d83f1366bfb92040272293332eecd3715619a1641ec8f8fb726225f78da77b
ztF1J1Fels.h5,219bd33c2daa11f0fdafdc37a7aaa6429c2019cc5bbea923604e4244c5c68837
a9398c500627.h5,c9fdd078ac1c40fe409824ae2ce0ca75dbfff98ee91061e5d44a26be8c99cd35
rnAPPAktb2.h5,5d63b2e8f11e43e593ea957a495dfaf0fa0dd643895062a8ac73ebd00ce1d27c
EUK2U3TK.h5,85811b1a31b59e2ce3e95cb33cbdc8e1e073ebefd606f46966619ba4a5ea5595
RF3da82bc.h5,6d2d115a56a0ca0d71964ffe562a05f52676adb76848618f2c7a42694978a41c
dca546876b68.h5,d8efdfac7c59fdd3229330fcd6bf36e61a7cc4a492e2df86d7599dda05da77cb
8ZN5H6H4.h5,bc59ace30eec5ab6d183b7368267e426adabdd97db00f51f98baad3b3d824c0d
HKPZQNC2.h5,e2020380bd389c910fac54a7ed106f4497cd735175d743f92e769e223e299677
2BXMAVrOge.h5,05d755ad511add101c679c7d3beee700f48d6f501456a6be2e03b03df5496cb5
d25abf8b9f6d.h5,b999abb6777167e5666f1ea504fbc3d305a0709c29b714d253ca14864808bfa2
11b79ddaea29.h5,6c4d75ca9bdbeddef1f6d11790eb31a37f8efe9a365ab03f2a59de0d7adb12ee
RF3da617d.h5,553081470ff01794fbec4d4dc41cc5f7e9e19c41b53e853dcd1fb8d792396ff0
3882b4c073a7.h5,bb57d119b759dd86fe788c78595749e6f68a8454e27f305666e5229361eda0a4
587b3dfdd97a.h5,a7928ce806e19324367e842a32730a0794b973030c6c3ecc86119dcc8d328c74
eD7uheYbQR.h5,a606d2186ae7627c7529a4dc10bd9332550720f7903b12a1f76d48190e8b5c8c
7a226f73f373.h5,3fd1748307feec202d11e952e0a8b879b0650ba4e15fd628d646901cc41a8097
UMJ4AXFT.h5,1b9fe9c0bdef2b804948d357144b9c5b8da1624d58ea83e0bb40fabfd5e4d68a
RF3da8670.h5,44ab5e310dc81e9ec8c1736a3bf84b232a403d7e3b17ea7622ffaec8f8874bb0
B9RdaGpdFU.h5,29e6678cf724bce6a22e983e71c304ac4127b245781481af0c2564405d493343
w0giiOOfwQ.h5,9d1126990f92802256379edbf017904dd2d26f185eef172cd42e6aa9f946d275
26b87b0455d0.h5,461cae3a5a432ef5f104f71c5822eaab3dc942e7d388b678972c8787aa014b83
RF3da7cb4.h5,7e29c157466788e5632968acd4a31e761f89f2f15d7c548977ecb7f566bfc71d
huvOLq2gUG.h5,a316f8080500beb1aba5074437ff25f662a3b25741d5259ab19e9b2d9c6be898
sxUgMmhlNp.h5,4a0267771d3e75e589966b7b5acacff1aab41ab5f6bd8e806f063ac551d3cf82
FMPCVXF3.h5,08f451ef7b926683b6d7c25e4f2892addb94107e523c33727530a4fb9600fdf6
e0f471ff65bb.h5,28e261ea9ca01a69d8c72cd1af7154a7f632496013bcc3a6fc2a96dbd580d0e6
RF3da8045.h5,2c1bc9d6719c33d741a87f60819234762417c44b0dd666af88dbd1f30980f60e
d9ceec616ee4.h5,9fc6ff26222495c4a8d25089f20234a65ff62120f8751c7387c89f36b226defc
925ab17e2da1.h5,f2027a082ab6a793530c37949a3f0e520e49f570e5ca8a7166a942533a16db83
MlagWqgcDM.h5,22ed32ee027fd947fe43112a82e0b3d0d156048d802db0d94164c626b748bdf5
RF3da5731.h5,036a813cbe4a46e8ca343497f2b4433bdf23e04c39fe594cffa046ad4e58d4fa
MD7SEP5K.h5,0b69ec0bc0648e67d2cb3c12f1b94481679defc5c7c2b294e7d8b85983f0c5a6
7391a2fea246.h5,ea65e6049f1beda179e0a4ba1a15f73e90f8353321326d002fd66def95c7e095
FB6ZV9M9.h5,afad47fd75a2d90916f7acaa02cef213fbc2b6a97513fc9da91eecc9183245d8
RF3da7bc2.h5,a431b0cc7c811ba1397b7808f60105a4c5c89a8f7d86b111cacc2455c22e1739
36XNHEKA.h5,901d696acc1af3db5ba298d61ea477103785301de0a4f57c2cf9415d47005350
ZQ39BPDX.h5,438fdc31094979f174b9030dab85abee1f2d2e69dd4d81724a1af1ce405ed333
RF3da76de.h5,776497df6fe101431d60a7c48792d17d8ef2bad05e1c2840c06292248ec18c5a
RF3da7d3a.h5,1765e9f07c4e1f2a30aeaf8812e50b7cc57a9fb9320e373744c20ef4f462a6ad
d23706013bba.h5,204786e8eb23083d6c01a4892cb6e183ea97b4fdd457e1f5bfcbed0c73c4ffe5
oYZstDvUZo.h5,36a9c86c48b32328a61c427d154fd691c0966a5f950c851c880cf97954e4fd26
Z7uObvbm6Z.h5,cde7333e9946d3183f06e0fc5a3f3a66c60df911311cba2ba53a5b284f8a4331
83idHqzEdB.h5,2085f690e96f2134255e7ea257b4589193171befb8c9ecf8257fe7960e7436f9
APMQ9352.h5,456014c1901f5af080bb81489c488a50af8a2e6b73d71426aee3a56ac8fcd19a
RF3da992b.h5,1cb881b90e09950706e7e3567d44fafb3d8b26d75b778955590124e05da4bebd
RF3da7728.h5,ed717c12fe1c2e6e9a9b5a3cc976c63fd09ebe6bd78c38fb239c5496f8bdf2be
c65ac62b2c2f.h5,00ce3b37f89b92a6c91b77af46404467ce63be1dab80763ebe955d80e739c887
256e2dd1ffbf.h5,35165d52ea03607706d56649592b764802264bc193fb23b5458d6d77739294e5
d89eedb149de.h5,bca6da4c1189d85bae71bd29e8eb69313901b2e5f63a47e3414b5f5c32135c1a
e51fd72178fe.h5,f45b515b153173b614e53b61bbf76e6770cfc497f7dcdb8dd1d017ecbff8a001
kNAb9U5yRB.h5,ef3d650d0985bd2e68260311a3f2f20471727ae10a39bd83a1bd6e26ec300d33
c91611444423.h5,385d3c66441eeaf68287b02621e5abdd70d8ca7e0d0a2feed04ab40c1154d80e
345ba964f6d1.h5,5f07f75414970a81e8e33a1a2eafc588ec8be5c6cf39ea92d1bb8504fee5707c
ZVEJ5AJV.h5,80a63ed6a1b0984912e7d75658a2cc0a81ee123bc1460d13754c61a9d31e6d5f
RF3da7b99.h5,906fc77070375ed1c70a33affb47b8ef9b3da25e491eed1874d7fefddf582417
pWAb2JjY8Q.h5,b44890c4ff22ca2f0027b805436ad76b5db74b3367ca94fd7efde62bb0228215
bcc9b0ecd1bc.h5,71c549fd0aacdb2ba2fa2b937e7d201fb7c0d5a6ed7de87e34319304ca3d73ff
MSqUTV67HR.h5,eca367b56a1b5653f0b93cf018a43d29add64ae58a6e638ccec38dcd8c449b25
9tQvImMpei.h5,f1b637770d7b9b78e71e78810181c143f272620a5dcc67d0a28c7f5b119312c7
af54d0cff045.h5,1e46ab5833000ba0cd8ee516249f8f55520feec75c7fef4284036f537c59cce4
c093e99c4135.h5,4a3044df026548814a8a2086fc28f0b9783ed6d77a7bf262db7c7c9c35db70b3
e42e9ead8cab.h5,bd6b295831755fb0241e22698c7d8bd6e499ed770d3398fd782d98ee33f030fe
aylVj1cBzF.h5,2e2e6bc6b293bab01582322dc362c4e9024422639c92d9ac0fdf135b91b74630
597922ea1007.h5,71228ebb3540eaf97418c84115bc3e1fb5686dc96e782ca2e9cc89bb2d1f30ba
KdPqMvPv2F.h5,5bbee696982a93fd86583669e0e1b6dc7662c5037b5700ccd7b12b5eb6a18e87
5490eb74d62f.h5,d0cb914b05bd5ea8fcd7fe750bdde1ab79e64f996d2926404480825ade2ca445
DJCNF2MZ.h5,625a263806a36a5115c414ba82db4572964698a13e56c796ba6e874c21d8c83d
RF3da7611.h5,eb996a4d9ea86df3dc5ede07a2d8c3e2d74da27e9728f4f1966f91992d531066
yMgm61oLTD.h5,6b653dfcf853f81a775809109e633144fcc41959ec225d424d4d43a07c17e68a
RF3da75eb.h5,5cd870c1ea879e9d86b6de44854cd8f48983ab1fdf7bc4a81227395a2e780be1
RF3da4a49.h5,0481e17a54738931a1b10c890c7319e7305833ab1203ca15ce3527067138b9c1
fFt8Bsq5aH.h5,ebe8934fd2f10ff5d294717540bb7b5b9f16719c0112d42fb2fda58b77b52f37
PEE87HYX.h5,cae400fd2b3d97d10e9c9b91af0efa9c548cd5eb16ab436813ed9b58bf6a8240
3FSB2Q6Q.h5,0d6619409a5d283536ffccbd24538fe54fc5f08623dd91af6146d9c1bc2c7653
AP2NB9CS.h5,938f5abc086a7482d233abfcbf64d19798ffa3a67ddd8e92640e822b02f952e2
RF3da5e11.h5,893fe6c7a708e0b988b0f3fcb0b886674343e4c55a6bee68af991c63aa07b228
RF3da7bbe.h5,30e2aae8ce66980a80ec54f9f1dab1c4ab0b47265318721425ca6fcaffa586a4
af6b6422e86d.h5,aa3ff1c79bd6998edf56a87664ac6a03127082a69a77b6eee6d1b950ab184bed
Chg9EKt3sj.h5,46663813fb40092c2c5bdabe10e1b5fedbced7768f9f06dbfca375fcae369934
d21cabe3d537.h5,d0b710cbfeed59c96c2ca6b70a3e21dd01514a9b9ba1568d9b68f49b109c7446
826b001b00f7.h5,bae641212a5a0311e094d695ef01be0314d0e213d7b8e9e92d72f458048a81d8
XQ2NKM56.h5,e8f8c704f5ac1a6bd803e46c2b214d4bcc9d28e7a9e36850e77cfaed961cd366
CDNV23CX.h5,3cfbdec1e7afa1623468bc9c7d948aab7736aad4c3f6bbfe9ac08ac5b70146e1
a5ced8168d8d.h5,c8fca3c9d00639837f3f3ad760c6d80f2f741e3d4b716c9bb46de60c88ab308b
X3F2UEMT.h5,aa9cf48a7d49f2cabfabdb89ebe29df5d7ac231b1518a8ba04c4150c375c0a1a
t1eHiJMbZm.h5,471212bb8a4aa926540db42e21c253f8fc920c24ba957a271166e78e62f5b7d8
RF3da7250.h5,f8d9b19d501f5c39b70ad4b5eba53c3b12818f43bbf18e02fcf42d74ab15e3fe
5VIdrGEac2.h5,e5b731b680e0766b533d1a266ebed1d62ca5608e1c930a29d46f4b960bafd358
6261f48e19ba.h5,3aa28a9efdbbc3f7a1298035d84cd3e03c552ae1f0deee2596342e2cb7e0a312
RF3da5245.h5,fd4b98ef6d5824768c069b48ed29e59acdf4b635192e00b2216695df1c28d810
P7C922FZ.h5,73a556003c17f817dfc58d5b363ffa54e0651eb633c2d91d9972faee41b4c098
F9BYJZSV.h5,7dce9302dd3487074954328b4ea53609e39c782e064a02517e1d900126b0851e
88a6d06762a2.h5,b6c19f85eaa76d15b426dbc36e55a56cd54bc708deab3074e1eed7009c457ffd
e6e5cbccb7af.h5,0f5c41d440352695a60c3f7a2386f10ed3ea66253feef17efadfc4588f0d832f
0dcd914a7239.h5,8ad458792768577a1b89e40dfa529f3a8466a4df1c5e5b8504062ce88e7f8f3f
qj4ZW5S7sw.h5,8531866d09a3cd827395f2f7429ab1a2d7f4f3d5ac3769c3c0ad70a2526abf1e
RF3da6ded.h5,0522b113cb546a91e11354329b5dc3440552e1e91a1f8e9e50be9ff02172e78e
bf58d97ffa21.h5,2cd4dc0c9b5f6900afc98014b651af7e8aa1bdf80feffbe579087b75916b3433
RF3da696b.h5,81b86ece41b7ed85144f55e17e9f0d93711b5b6e13ef728b531e6c5d12ec1154
3TUM9ZVY.h5,aa0cdff06ae7adfc30137534b224c18379415a53269c5c491bf5196221af2bf4
RF3da6c4b.h5,755cf39972ae0fe2923da69d7b8a338b0b6dd16645e04e65a2d2fe1518d9e4c6
faab45d5098c.h5,9f0495af27474251c19b6e80130c27006d9f294347c8fbf824fd4fd89e059849
f7923ab4c3cb.h5,156d2698b500d48df9319ea177d293e60d56fa2bff00854eddcc95c32ba7fbab
QtudEOWQdo.h5,296448647ec430e5fad6877ba28302d155d1fef6495add6b0cc30d1a8d70b007
RF3da714c.h5,9d713e7e63469673ea05077d940bf74b26b8252fd5e6b79f73ca7c8a715bb6db
l1xR93TDye.h5,a6a1446b7dfc2376580f6fa5ec2e9227812c0cb248ba4d3e7630e85771a25955
e5b9504a4402.h5,050ae9cdba4ebccd5159c63c1d69a7ade3bf4cbdc0b0af8adccd6dd0366cd579
EHP27FAJ.h5,4ecc3ee770dd83da252d508652cf70e7a83cedbd772379e6edaf31c23e37fc49
0209dde66f2c.h5,8fadafcbeb9999a1d10842f3b103eed9076dc5e4891634a4e2be32e5a6468ce0
WrjsnTKBAP.h5,1b637b9ba34cde870c44e6e3c18593552d4b76d0bfdfeda3dbf9011c6a2ab70a
KASgFrGRJf.h5,5ff0bb028cad6de5ff9b2c78f03e2139f9880e680ce3f61bfc509dbbf6ec1c06
b0cc0fab843f.h5,f33aba2d4c74b77624bd7af1a0f64a1deed3ceffb72077d7632dd773142562b5
6XECUMVJ.h5,80f9208df73364896d2587c432de0ecf59ffd95275b15034e3596f370bfabe86
947fdde0a52c.h5,87cec528421310a255a34e8e741c938bdbd8e161a08ce86a18fa120192975a18
b720597fcc3e.h5,02c7bbb4fda4ba077c1ac856355b9eb0b4b6b01363ca3b7215dd64d8ecc2a5dc
FiT6jtr3qL.h5,d15c4f0f07ab45371a602a10ea46efa7ebd9e1edaf23fa526b468113ff8dc0c6
3b83c73277d8.h5,3c376313fc9fc083435c0c0a96421432dbb8c96a6c269d161ebda026ee63e627
VZCV2B35.h5,2384edc941594b87f2591689b289a78c27676b8ba37d722f0190a68ee26e05d3
X7pMmlFByk.h5,022ac69bbc0d38dbc263a1c7af62be909b61d377a03fa8ded7b268490365dc3a
BEAD4HEN.h5,81be5fafcb79e9cfadd005f5289a0dc73d2820c711e73bc50eb8f4894f6185d5
e4d3c13fa69e.h5,d7055abfe3083505ff983a94707f064c0fcb29e5b46effc35849c87dab4e09f3
eJUDkt7kAc.h5,5e18ce0217a266b55088822b839611eb033947b4d10fd3e7adfbfe35f5ed4dd5
IUo4eGn6PK.h5,ec18d6e129555c8b8c1083e8cb15fcceb89991d141aa13c12df904787e0af937
BCCB6JQF.h5,df6c32d88e2e051e6ef7425cc4e24edc650e4ac331d134ec0ebede5dc7ae36ba
QUQVKFFA.h5,5f3d08e69bd4b034666ac087ded41f50e918f1d65d7a3254f2da24cafeadfc7c
RF3da6634.h5,57d55d84451fd8802a278f11e78d76b941ca24c6b0eb7152864844601f58689b
udYidWfrpl.h5,1b5d4724744ad1faaccbc0b36aac00dce105d94af25e235150d094bd97f11fcf
4fb7c48beda5.h5,7c57eb12efa0a61bf79115d72aa481083a89c5bcd5551b32c130950aa1fca63b
4fdec6818d92.h5,481f1ac30eff81d663085b9431cae41912402246875641a1911dabfb0eed7295
62d4fa22e1fa.h5,0b5ae97ef9a8bca287b8367e82f19d8738d0d224ece534e4caa1892486ad9fd7
88er8bvJIq.h5,b55d768de7347f424b4fa4e6b0fbc70e8d8cd71af95f6b9e6534e2dd12666d44
aab6699055fe.h5,ad48c865dacd3fa79cbcadb2f1d95ecb306d464bb13a10055a0701854d9bd12a
324QH5K6.h5,cbd45604cc8b9b118029dd91123cfdd650a6e702c04fa7ec34a742803f708dc5
1e4697b2d73d.h5,23d8e25629f7e7d3aedd4b38c7bcdd45ea19ddcd82543bf43af7d9d11d857e53
9KD75PFQ.h5,3b1398c8954c6e2cc000dfd41d9161cd10805554bbbaf0f162141c3125564451
RF3da4ca7.h5,ef9dd2dc1271cd2d64cfd9e6b5e478613b1885b8802e326a0337e1209f80a410
45439f1bb0d6.h5,1470b0d62ec8e6b777fa1037aff1e3560e8da3a211c0fba6c8648a5333b7f07e
RF3da61c5.h5,26b2216ef7a08ea2385bb0486e795ab79f5d2ecc34a28d1ecc5146ab4152c578
U336KH27.h5,02528a0f7d380723fa85320fd4f4451b74be65136463b33e3dcbba56ca021af3
7fd8f0c5668d.h5,04b76d10c556ac8a74645a6b052b4c32616633a10dc281f43638f43ed3609b74
5APFDHSK.h5,cee115e517b7e25a2e4bb4df3f9400f674ca67542699518a40cf329d4966d3dd
a8e35df90e75.h5,dddf5016327a21943f55d0f98564a03ddc61659629a61087116e287d4d27146d
RF3da80f7.h5,15a732fea929e91146bb3726e8991daac9cd8eb32cb214d4baa8d11dffabaebf
9F3HTJSM.h5,a543b6381b57f971fa17a4a545d9b212daddf250226b10a21b9f135baa345e0a
X3MK9VNF.h5,2604b6f466bedcf6932c8a203e45f8d7a2b95553bd538cff86a86a4f5641b7d9
3c7e66c8e9e4.h5,31a7628f545a89d8879a8db53ec49108229b63d8bb22f20c1255459954284bae
8fztHYA1OS.h5,d15c39a22104b1b4e23821c8ff2cdf06fd4bb5428a24395742ff58027cd25bbf
F9P73FBZ.h5,ef7b94b50547ed850c67b26070e5f8a5da1a3fd32699404d4a09a211ef82f1a4
RF3da54fd.h5,3cbc10520c6fe98326ec5c5f36a5f2c49993c6ebe5a76b1fdfaf03b6114e754e
PEXFMS2U.h5,2d18c970a3b1cf07132599fa916b6437594fb635b3a06022086a3e31c4ee1ecb
bd6782de514b.h5,873ce1d2e913f225b6175e660a5408159d4ff19a16db551bb6090a3cdc688419
13b834b990ab.h5,d41481ed0709229d6245f6ea1a59c40732d62ed425582dbd97a34c91281f86ea
2iqtuevUkP.h5,555d41147c432a0637a6d7005784648d0aa0b25a4c4f058453acbf97044a00d2
a9efd41fe53b.h5,c88141ccbec8e3df4955919340ce12bf86611e9848741e6aa0182b38c736ed27
RF3da67ab.h5,c22b0d4270ec4e267639df478b2b91e81a29ed481a23269788a75de3879bb606
3UAVde29gX.h5,8de35d06dcd67aafbb0fb9198748f1069b0e656924e54a4a4d56de3e72fc2d1c
6e6864535551.h5,f5c23fd3d1e84df517c634000c0c2ba15f04e1677345bcdf520742ea26b19d2e
81baa19f6b0a.h5,0de465f00831ee7371ab51d9da2099a9a005a7d40f2dd2cbe47f71b0118a5f8c
E86PDH6J.h5,8186be1a8a5ad00617ea1eef3f14a3b9843fe3ed69e0a6072ce611964f1e764a
6f5d9646cd26.h5,8d6685905ab9bafaa29758a635fce46997923387546a8a1a04be090e7348d51d
bee035825f90.h5,1c0b96312e6dbef2cdb91e135835f23b7c680e10eb6507db1bb4a52352d2d555
d64208230aef.h5,146cd008ca2fe1d57a318ea4f9c7b139e89d60dcacdd92911835160996da6bb3
HYDbm3cqzQ.h5,1541cd0c09832963b1d54794ca731b70f6b2ced261c8e8741ab0906d832e242c
6X4997KN.h5,907882866477072ab64627f5a144ae80f2de50a08142270b3b28a72b898cabbd
a806557379ce.h5,fbde1a155df688d843a8e9585170d820ec12978de2114e60cd2b8e0fd6d0dde2
5OmSlX5SHp.h5,1fa8d858e43146bf79060636afc68b2bad863df3cea31db4cb4e3ffd89c9ef8c
RF3da987f.h5,cea330c57c4dde9fc3725a5a809bccae70c1243435d9b17f269326bf484e28a0
59a58377b014.h5,353428fd4d8ba500575f71f3eef62aced897fa389b72f535b58bd5c71b738697
UFVYC9CJ.h5,db3ccda7ca124eb4d47429bcd54f343b78e990ba7760df20ed590e6903f1e026
198a511b3a53.h5,548f804cf5574e058b88e1cd6ce8104c3729e6dedc387b5772b052fb597f4ff6
P27U8N2V.h5,b635455944d93e6191bb4b7b2d9d32fd17ff6f38c168467b786d0567caec9777
d0fb6a2ab8bb.h5,d86018b2502d753e9dd79c08e31cd089f7d7c8fe273cea8e7e7f8980fab47c52
CJTHMJQJ.h5,317b61c68791bd6e83142933e542b4174c6c5d6cf94b28467811674321dfabd9
RF3da70db.h5,a1d1e4ea5647e1b5b9748522cacd6df39f8685419ea6300cad3df54d8ef488f3
8d45dbc3ea39.h5,f4aa31040b70f372160f67a4ad7c358e6af8d16ca222dd17ee1c974efb674995
57DNUKUX.h5,fae573af0cb8464e52de238156983fe43fb25bf66fd8c7362be61ad56b4b4aef
05a1f5e88891.h5,1e6d2d8ec1b0481dfdd0fb8a2a45b856d18d0e8cb4b151bfbf2ba279c8d84b2f
pw9cSjoq6B.h5,931e7c8d80ae7f7f197c94cc596192393faa3ffb9c0dd3fd4dc54eb507486c57
DVK7X3V5.h5,ce14b78dfc924424f4f4704bdbac3540eb1d5b2fd1ea303b093f110faf6036a6
RF3da4574.h5,c9001ea72ee98f9625cf62a3f6a786e543d6487e1ae1bd2398c20aa30a5ca5cc
9KJ48KSA.h5,665db6ae9c8b0cb1a47c15f623afebd8a13fe9f0cffe535180a71af8cd97c375
ZH8EJSUU.h5,6c366e2928376628ce04414f4242e99305e48efe68f4ed0cfb1a786a5c90e80f
T526UV6H.h5,cc784469cf192035eb8fa30fc9f338c1ed46a4edf7d0b1710f5f132453067305
513b00d8fd39.h5,292f6e8f7d9702f94dca09a7718666a74a8ba6e5c36999a824dc4d433497f93f
7UPZHPY6.h5,9b25db6b778d7de90a799494d4f8a45fbb5afcb8c62102f0b8f289f4f69ba240
RF3da45f0.h5,063d58eeaf0d5016bb9c61c300a7503d6923648aacec0526c0945540b50ff54c
K3QUXHZZ.h5,a9833a6ddea950eefd85b59cc26e420693af45c926f55ee4cdfcb01cdabe08de
X88M44BK.h5,4ded44fef3cd97fb393cd49c97b89a6aca46aa39570968f1d25397942b46b536
BXXJ6HJ7.h5,20f14d0eaf617632ef4c8960daafe35926e83ac701335ff76b8655c79b5db812
RF3da9565.h5,0d512cf1f4d2e850189ab796350b6c3aa71f8a97a7aff40c97ac0c8a68081b61
3375fcd497c1.h5,c8b0d31862e3862b4f5d4b7af38ccc5dfd981a33bf05afc8e6d8022a1eab415d
a1f773e53c33.h5,ddafc737382b9c6f1fb3c24c23f10582a30e38330efe8aa89a65c6de8068ac5b
bd2a679144de.h5,aa416fcd7f53757fee0e479aa66a76d1ab733c67cb09ba0a67970076a8db12b2
78ab5d9b6f50.h5,747a4ba275a1c5e7e49e0142c82b02a05f681e48040cd21049be2453e677d223
38ad50672619.h5,86385f58cdd7be2cfbd9896a26e4aad3ba35c00b36beb0d7570aeda0ad827daa
491e575544cc.h5,781e59e780fdeeb21903f277963514cf9773a513efb9d5da33cc778e4cbeb390
RF3da5d53.h5,33977752ad783518b0e34892f580dd3477270738ebd042f5ca930fc197445680
RF3da92a2.h5,5dc83c34ef1053bffc5d6cc567b01e6912c5bc25afeae6dd058faf2b28607a51
xfWXiSf18C.h5,5552b2d06dea42ccdd962029a357ceff9c7aca1cc7aeb3e2d4a24d7bc0babd47
LU0XQkqjcL.h5,6983142d7deff1721a73d64af431242fe30fc3c965233c66fa9973592839fea3
FXPCYHQ7.h5,e09f23e16e9a8cbb66a312c3693a1d045d610fbb44a11048d8d3090d9ea7fd76
RF3da6e96.h5,5acbd590f41f790bc002991ea44adf4e85397a0fa89bae0e817f0547aa21f563
CqBS5gpEEY.h5,ed740fa8d876f580e4b27baf75990d4401d140e17811d29621c87495ea70f959
RF3da7613.h5,80ea2c7ffbbcf02a7c348a2cb1a415ad060ead50604904816c2558369058768b
7da77b04fcd6.h5,89adde03b2d48b7723d1fe15ec94fb94abb8a34e55f77edc7bdf32195e15bbea
RF3da62ce.h5,804bab3f58d9d79101002f3fd1a8a53fc4a133906a2d062f53c73d06d3f85838
aITEawkt3u.h5,fc1a459ce03588fdf5aa41abc64786f0f411f6c7a59679b3f082733bab2970fc
b4639c11477f.h5,ac7c60cb5dfc12c30b75b384a502027046ff69e6622fd68fe5c18c0ed4e21c48
b1df09b3c988.h5,571028673e365502e9a9804aeec2907abda850642eed1365e133293f22f12846
X76H72TV.h5,8c66983d4ffa5dfb5ac6c3db5c6e8faad12e34c2cd0742a30c9c8f072d4bd817
cdda51f543b4.h5,a7df02658e7385d8f6da04de658b260d542d06b53dc92409861204b51d111e8c
0c8dcd765de0.h5,5f995564aba6fe018e11974db59063310eb3cae669d424603c22696c01b74491
OpCtZEYHEl.h5,85189842d50c0074bc16ffb80e6db656d7665accf25a92761822bd8d82e945f0
RF3da635e.h5,50ce8c5d36d9249e00fa50e1385196a933342ef48cead6f59ddbe1ed6352fa98
f720e1925df4.h5,f2857c685e4795602a969099cf52ed1650484538c2ed3d90a7a404ddc95aaf95
7434906e873d.h5,6b6a7e65f1470703aeaed86d5fd6288428502575ed2ae21d3191d79cad95ace0
EGmVgK68c6.h5,9621136c44c863cbbb08f63706583a835c879058167110edc728af5ff3630923
VNkvBpMGyT.h5,b0c94ecd9b31c3d7d86abc13741bad44de917563d8ce02727bf9187b6ed62010
UhqeQiDLmq.h5,48bf6ecd805c83e7ea1fed5a972f8d023b4f666e7601d7f8b34f5fbc51586217
1kLV7aB4J3.h5,7f2eceee678b3b89561ff1835947e226de52a23c07da82562562c68c4c83e72a
86522b32f74b.h5,d3166a3ff5fa90ae767f6f6d4c92a381dfe3e9d9f3087a92247448ed032ae1e1
RF3da85d2.h5,dd8ffcc05b28e5b24c416be0486da82f79a05497c6ebdb21ef606a02a0858200
RF3da5099.h5,155bc4cb87806ceff3bcfc4e79a6b2d72029fb1ab5368744a8a1775bfa4e0c5a
6ku7gDgyjU.h5,603460176c0af7de0f9f889c32c07afc047fd79756cb04505bf696423648cb43
65ac25408b96.h5,6e976487a59aca30579e5315148844a64855aa98a71424b658d8e514b875a83e
rO8OQN5Drr.h5,54d56affb7b435204f9f376dc0ac72c4b792ebf15d3de3ba20fcd7682350264a
BbLgeNPtOj.h5,447fa9ea264b4778030d03ce25583383f6fd06c7755da85e0de38f766fc11651
RF3da4c8d.h5,4a53020dce83f0d20d824c453b4687a777fdc467285578e62e84986294bedfdc
B7JCSCUK.h5,72e602474dbe42ebf711ad162bbe382b10276cab045deaf2eb778079540ec55b
RF3da5782.h5,8980b8115f831ec15ee0779ba2a27238a843a7ac576275a52421393d33266c52
38aa99cd03d4.h5,273cdb2801ca99e7e290db9d2f2719b1f79230153155611d0dd8a4846dd3d795
b0bb6dfed176.h5,727f9c4f2bacd290d647a6660fdce065dd9e07e160d22be87c3bf493a7b76c41
RF3da63ad.h5,b804d45816a46ae623c5307dda2ac0d9c321490a02586bc1b785acc7c5eb22cd
h5dFDQGpwg.h5,5a323b1d799c73071e404521b4aafe2effe80c950f9f03d22f167952b0e9bb9d
RF3da86f8.h5,908fa1a7a9870992bb9e8562141190786ced5ff68c3da3f7d8ac51f2b302d360
RF3da500a.h5,eb7f464ca5ba01464b536769c4ae810597d42d8c81f743403869c8ec9d6dec2f
33aca7c1215b.h5,61faf28c51f1e63dd6a061bdf91480e5e691459b900eb824ddd4ab93e7f99313
26e83652e137.h5,414a0f8af5a08092810a54c113576a27ac0fda2a5b7056c47e8ef097aa2d717a
pcQP1LvmGY.h5,27a1c8d472b228ad58a39f12f824bfa0801e2acf7ce9809324564f8b658b484d
f72ef1eae76a.h5,29d67ba690a36b2f6308adbcb5d8eec71a6fdc94d6d556c715a0d40f1dc39201
77a69cf5cff4.h5,add0cb898be1a6537c16e06ffe2615242337e06aa35373571c4d385da712eae9
46t4QAyou6.h5,ccd1d43da3e87574e0fc0705d73ba995a7275b2da54df4edbcf8a7de732f763b
285bf45042e0.h5,aea9079337b221613766af48e58969e896d29a88f7fb43461fc7197eeed06127
3YYJT8YV.h5,3c4d8d26684a2857e006e9b0a2f371e611771f033466cc9a6d5e9987a6c93f5d
7H2769PK.h5,3e46dbbf7749d31d4cbbf79a6d5f8e557823f41df613dcca605f99e02195324a
d152bc2924fa.h5,f03c94730c3cba7e8f176f9da1c6c9d3220b150e50af061a389f49af4cc34c93
RF3da86ba.h5,e882e289f8b8418eefabb3379148f47411a30ba7781f407963da9161ddc57f53
6523d4aea250.h5,d8cdb16b41a65a2f02f233f8035c6d6d25bcc0f74d34918e66b73b5b6cea6333
37ce5d4f49ee.h5,d574bb5e882cf77b0dec625b6660129c9d25104f51f2e0eaa569d6f6cd478a51
c4f826583bd2.h5,e965697fbe701f488014e27fbeafe4d6c8ea0af8f568d85d94f97485e35bb2d9
6dc3af0e2ca3.h5,ede2cab7e9ddc8156061fd698e394a87f40832e42e518a557662e8ac313f73ef
12f1181f883d.h5,f1a2ba3300131a9561b7fab841b99269a76d18e70dd96b111f8e67b9ea0aa59e
RF3da6916.h5,3ce742c7ea0832de150932372b0d56013c5d446c6c9ae730b5eb72ac9dc42f26
RF3da6850.h5,67e36e811dcbcad45f1f91d6559eaf340c08812c2295ebe513119add367f1e31
a805ad4dc55a.h5,6f0a1c404f9cb338394996474be501c5d5645bf72104021fa3de6a63ae92045b
DmyjSlcho3.h5,fd2b68eda1da9e13981265e08548b841eb7f1c769595735c88ab831d072ec66f
2991e818df97.h5,8576b0b1c45929e35325b97928f1e8a7edcb70df245b33b56128505d5d5cf69c
IrWfFWvSzH.h5,d3536aeca241bd08e858a735f5c1ee94bc870ebed97c11dde5021b7f6d8c9781
RF3da6169.h5,6e0f1caeb43e91c6eb26e0d7e57821b4a0177c30f3bf331dfa7b93fdeb316044
RF3da9580.h5,c0cb3a4ee09362e5fcd8f1b9f74098c0653907942ddac0426b76666ddd68807f
2d5a3a30d6f2.h5,9bb0b17200d9e24e29a191a754f0e6bef74d957cca0df8cd29d600becfd7a7be
RF3da71da.h5,936f2a8fc0c8905c65d6731351cbdba09e9d9021a79e695cd0009635c8e1d604
RF3da629a.h5,86007011c88b04444f1b56b5b48bb4934065e7de69fe8801ee1f70b5ca4c8c44
c6275d18fbe8.h5,baf1bc66c698f5ed7c38c196cc856a79b6ed8626e03c6bfc6bb51c80e6153d98
7608a86c707e.h5,f2883e0e00037c6a2fd0e3261be34c8e41dee325a5fc39e5346de626820bba2e
RF3da6325.h5,d543bffc5f4c52b43b20e3ce4fe2fefba8d34072fb8fde40738835e5885212c2
8776b3fad273.h5,15ae3319c91e6395952f6461c56d1e18fd081104fb6bd095104ea2a2bcd85aa7
a983ec0a595c.h5,1b27c199032a9666fa5fe04f23c5a63c8131040624d101b9fe76f51ffb8db1cd
Br9SuflQne.h5,73a114bb7d40e065f145d590672bb318d1029a2714fb3e063f3391e6de904441
isT2c3V6Ar.h5,f3f68b065e7652b32b1a35f3f9e3126bf22037d4a9cb8c1d9df12e6b19d51985
3a7eeff6b656.h5,2790fe9a5e14b37277444e4971fd1d52eb6bc011a35074d1385dbb46fdfc5257
8cvL04P94O.h5,ebe51d9d98299cfa5da081754ee2dc9b9bc35ee7b0c6811d0b609fe7954be533
DTV6JZFM.h5,fee835aaa6e3843eae8b299220769098ecce1c2198eb64d078a298d8edd9144f
A5RXeXkiCh.h5,99533712af48b420bc7bf59b5f36d92f72dca114c418197ce853cde0bee06d70
MJK4SKA6.h5,712d3fa46cd2eb3138e4af098e928a0f6d065ca3cbc34a790128f821736a97f0
CCeR2zk0P6.h5,149e32d337a315e03597b08f3a94735d41a4a18273728776687f344ee1c65318
b41ae0cdebbb.h5,b27ba9ed98262a30c8967ca7195384693273d62edfb12bc176d965b8f32d3ad5
jMPMqk9ZYL.h5,435be8e0d209aaa2440c1ba73a32faa905c44452fbc935d559e5a4fb28133581
RF3da7093.h5,143b1548656590bf12fa3a5deb2033cb40485e8f88d5291fdad4d11524806fca
23f7df35c259.h5,e6bd6b14cd9b41f3f8b62fa7871a5428714751bd51c0aaeedaa963bb998b89af
bzvfsTagTV.h5,2939547b21c2d1fc5b64c2adb8fe28c60ba4327ac5012141ea70579edf7dc233
FSYHE7S3.h5,36a9da82a9152fe43d427d1b676101eb90613461a59b206bdc54314a93d40e4a
7a4e311c5879.h5,445e5506941e762c085e9b4ccfbda5c2caa038b9d98d3728f6390fcd0248c84f
RF3da50a2.h5,c0e36938a896015394f72bf55451a0bce545946654eeaed26bfe6dc410280c10
JCEVZE6B.h5,a85172f765b273a5e806ae110cad877fc709d0fe486fee1c5d639168407c1dec
2ffe7cd3aa78.h5,57a255af4f2ceae7416d7ce9555a3130faeff5d71629eeb49bdd9c2d834ea85d
On8BEGgEAT.h5,3a244b76398ffa240330ca512bd7ebf1da77903af514344c4d9a58b9380dc518
PZVCTM82.h5,f429becff46a3f0620ce30fb6d65c67c2c9463dfc87c08947f6facdbbde858c2
S2X7HB8T.h5,8937ae12cd42f19f02293295436811fbb9b965e7e4a87ef145a6bddd77946b95
1c3741d3011d.h5,dd5e94cb57a47967d50e262603e752720a4731e63fa28c2f3f4ef853e9165da6
2cd5c8b9c07d.h5,e1867a263634cc6560f0c565e4437d959768a64d9354a6b34e85d1ea5d8c8926
e79bc738c68c.h5,0eeae4eede983276f40f33b5d53d1ffde2f9d493185da3fb1f98f28812b707df
8fc17b5c548f.h5,412e5b71baf2d7478918ffe0e9905f80397338d5531077ff99773d5c390713d3
P3YOujQ4Fc.h5,2464a1b93300782fac4bbb5d29323810a52c056531695fce53699cabe69fd6c5
RF3da831e.h5,d350adfd6ae377581fa54181807b7d71de96ca00f9cd6e390624ce88fa3ec109
EUdSV8EM7n.h5,350673614a9cc08e920448f87995feccbb52c2aa2f042bad4280c3f3b49f3edf
784412ecc0d8.h5,91abba59ecb63259e69bfc20113ede71074bcb91372f9050dd33405d74722273
sX96mNO8il.h5,abb4c7bbcc51beaff24c7b7b7e21e5e07aafdbafe4155178c2762d9d5e34df4b
Rmp5wTwu32.h5,ccd17f0967599695c953bb26c8bb1452e54fa533800df89e8a661eef884c2617
RF3da7260.h5,9b4acb896916bcccf9af51d55b6b80e59aca38684383107f2822fe3818a5f8f2
EWMctCTAu0.h5,571655a85ec85e95ad18024b76a08cde2f81c4e57e0d513ff463bb5ca4438f83
d0166291786a.h5,5edd26d868d20a09f6a65ed381d5a2f5fff5f1036bdc3894b5a0b37d39cbc37a
RF3da8317.h5,0d0f7bc5e34cfece6d538e0adf4db9305d4e47e08875fc2a757a168686a43c03
P36TZQAH.h5,8669fc7ccbf2c3c2bd53c046a0157f6a29cb49867c57150384a55a61015dab3a
PTEM3QAN.h5,790599b63728c983faa487699b3dd70ff51f942868f4e7279cc405b64d6919d4
T7J8DK4H.h5,c2384e41580f74bed0c83aafc12f99a6173ad0a1f14be7d2cd27f638d2ead9bc
a25f0adfe90e.h5,3eebd87f85efa5637e2fe29cf256c47fc3164678542d569b80ea031c476212c4
1c752e7a9fd8.h5,6f16bf225ba29cbf30375b2fb2900fd22975302328d16129685d492152d7d7e6
37728fd92ad6.h5,e9ca4e59c43b2342d998376d9b9eaaa7a0f10f4238c67572b4683ff79a8e5edb
133006b23e9a.h5,46a121be4fcb8b93ce5135c1476de213cbdba41d965afc4089d99ffa322cadcc
05ecc621fb92.h5,705003f2a857c3eebf6724c2bbb417a130d7a0a5b88f29d69d7c0e6de6987056
RF3da61dd.h5,41b4e5297666cfe42882003c0bbb938b43d29fb7b50cf44dc7cc3b8e614748b2
46717b3343e8.h5,99faaa1e866ce05afa54ee7c43cb68c2bea567cbd0915e4316792fbee8d0c29f
AVFZQJP5.h5,b7be0b622ff5116a983d9756e8dd81386098b682bb981c768c0bf4c1748985a1
b4612f8c858a.h5,5c329b6f0f988b8ab2cdf29f2623d0f4656d0d81b66a7112127ff08614d580fb
69a2307b1b92.h5,45d88df62816edf5d04cf6a4ee6c8c4aa539b7cd4d42b1fd1ac1c44c36345835
ellDPZs08r.h5,6473a0cb1207955258b97577d8ec0b403ee0ecca5c8a3d3753429d90ba4f0e9d
eb1467d725fa.h5,b746a97a669cf8d3216b1e20425a292ada8ee3b844a5007d5b57c3d5edb2ee6b
C8FdDwnrm5.h5,ec68418409df6c3c05f501ed3f4664aef73c03d5d269133ee0e2027419fe1858
e8c3547439bd.h5,d144ecb3cc924eddcb31b5e0dd003090b85b06568ea514b211d2bd07c9a8e1ac
hZVZKS6OkR.h5,2005889df965bf56d47ab1e817241b955af43d74b61deb9623b3091fe52877ac
KD86JEC7.h5,5ac062a34156989d950fe828c06b61f5aa64996ab1fcb34a70a9296acff0863d
UD4D4QSQ.h5,fbe0151fb77c277ce342b3188dcc2d8ded11e428fcc39e93c9a7c738b3785c8a
7D6H458E.h5,7332aeb34f649688c811a7214388acd1c782171868ecbebfa26be8551b0f6820
AJ6MMXVQ.h5,f02921bff6cbf08bfe6eb1a7802dd5e673d7ada7e6696a460e356e9e9ff7234f
aJLQJFvcmS.h5,4281190a3b00a6744b3a967854ee8245490eac61120ec6270225d06ea14d14aa
RF3da7724.h5,83aecaaf26410fc5cbf0b150bb7f57b486e1a6337bec9488c7df1042e94ad42b
RF3da763c.h5,f5869b63573ce4ea93e28fea3f084c3eb732b1a05b4db2443f543146dcf455c0
UZ7643D7.h5,d1143e6a7e24da60eb757757cf34929ae6cad245ae5b72fd411310f026da2f69
RF3da4a9f.h5,f977c6e37fd82c25679702698ab0ddb8d61f14cb1854e1a87d6bf5cdbbb382f8
1fe1bd59c3b2.h5,bd8198e20a0a90224547f1ea3620e477f46bf6355974b994661c6defc881334e
RF3da7140.h5,c98257d4cbaade81d123cfd176ddf8bddda2d8fbcf986688120bf6bfb679bb65
FKZUBBPJ.h5,059c527ebf2d40df11e53f2593315c03a97da6e8f0b108ac4a5947a3513e43ee
27fe93487328.h5,bf49b27d843998ffe25d4672c3d1ea37eb66fa3d67b0d483f3ffd9432296261c
360552c91d72.h5,e6806ed95b3c16ab5103358113138bc0889fc49e7cb1f9d1b09595a6f5ed80ed
54fba1dbc791.h5,b66f2a1eeda96e9d131bf012711ac0c148b68c339eb7960caa0056b489f8ac37
FPBHU2MT.h5,b77bdf57663b87003d7915fd1867cf37e24137814115a3a6ed2a709c1e90d540
RF3da82a3.h5,f12d8228ca67666fb7749c2f999ac21f2d4e3b9bd260d25b58b76d5fe9011622
6CRn48d3rS.h5,91d67a805ea5dd79d49e83e2db2a118132036f3ca647d73e9a2b157d26c5fd92
RF3da3c60.h5,46655b144a362f5c6ce9c68baef2398797186f4b90feb9ece221be97a572044d
6ae9053aeb77.h5,674fd62a2ac312c53a6aef59bc34aeca2dd23eb4afeec7f741922c8cac2729da
6e2462a4997b.h5,3368fb979dde9e9cf54b2b36b1e4e803b59773ae6eca2df9cea4a5181773bf95
RF3da97a5.h5,1188994743d8343fb779066ccf20ecdff3da9c7a937f200fa7ef70cfc4cfe9cd
07d68f6c15e7.h5,e44c76572874db7bcb5a8093b6705295fa29abc3aaf6ab20c2e994d5e4d582ad
8f77298d7f93.h5,500ec56a47a25d71f4d1b0979ce8175403be038de818ff4110ad0c00f1e92399
3Y8BP8U9.h5,55a430a2b6d4a4941adffa0bc4b72da9f32112ba06d93b4b94c216ffbe109efe
6076dff7834c.h5,955cf6dcbbd9e110bc2ed70193796f9dccaa95de21bb071d94824c54dea73e47
RF3da9616.h5,96c0cfae0003bf33d7bcd2c61ffd9aeec7905c32d6b721a53cb63de96c4c0f1c
309c1258e506.h5,983f35f41d4e9af63cbb65a0ed40aa6c5df420cbe152db5d1819a5fcbebca3e8
f8f83ea5e9e3.h5,eb967f564d35b7c034c75397d91aad29db24af3c5fb01b89ea03b8596a893dfa
84PF8H2U.h5,ad2a7510ec35baf0a974241705e4a2af7fec09f9b612fa732dc34be684fce383
0a261baa4ec1.h5,3ee89109c0bb6af0db0b4d10c265dff839bd87f283ca1225ef52410104d1258c
xcbj6ajhic.h5,c036ee60d4700c629efdd6464919c0e62bbfdb44132e73561788d1216911efd6
7fc528e4cda8.h5,26832bb60c950a8c28c60c0425bab21c755afeafcfb7ee3e0ef37564e96a415c
3ekME78Nx3.h5,6e8baec5557768ceea2dccd81b9f74d44581dd3a618d90bd7b4204137893db0f
RF3da734f.h5,2d6af8d915dcdd41167af112c1d8d56727be59e91b39acc1949e7b589ae5bd05
dd56f53cff71.h5,ffb78866b5631537cc1c8964e84bd8176838a774d612053346e71474d09ec48e
HbqoEvxvVl.h5,02c37172ea2cc23abf42a9ab04a66852de479c2bb8d2415c3601877281346db2
aUO3W15oRh.h5,100a6636710ea7079925b5dd6209d3951e5f5f939e9d4dbba6a75469d8312602
RF3da977a.h5,3e1d56f46e6ab20db0f5f79119094354aafca052a033fa21f38721aa47368450
RF3da45a4.h5,6b1beed727684e48f6f5b56e7824a68ee587a3565166fd5123106279c5020506
acRI3YZo19.h5,c2214fb7f0af7c1da7185b2d325b7c6d006385a24c858b9912506ef98bd6e061
HZCBMPJC.h5,20c86087b561b5e72573d983ac3ddd4202df5f44160314d97a32f887749561a3
60f5cd8872a1.h5,37cda288d8a7e560218a4a6f046aafc5fc0777c2bea9836670a8ed8b5a2f8a4f
e4d04f4311f7.h5,fc1a56b858b4daee2b7ac2837a7124cb892c7f4bdb2cfbd2614c7a4443c7afcd
N3X3P8EH.h5,683eefeca7f645d2649adc9223e40ecce1b78b91026c1829b1cea7dfd2dea19a
fc8ff2b4c00a.h5,78bbe9dafdcbb66a85e78bd2544504e32a8b3c5a10969570b1cfa0e71659cd13
RF3da3fa0.h5,453436d2fb42bdb673e3da0c68bcfff29854d2e0a671582a6ba95b11c38ccfba
2675323075fb.h5,06a15a00698141fe55d8d47e6b7521cdfea9c42bbc42bec05cee83431ae24242
FSPZT7AB.h5,1db0a6f5ecebc1247b1f9df5a830e2febb3344c03fa6efed91f4b0d48b79598b
0c7ee1badb03.h5,06a37a360bca970f8a62b0ed546da2d4df75c356c9f69277b9c0e5a1a8e6c2ba
764004bd71af.h5,ad9824a91d6c985b95becef9ee5f0d1e7f47fdab73e1aa0ebcb4acea0418d674
f893d8f601aa.h5,8d2c22afeb03a348f7bff8dd039e47b27bf37045cd5f2a80a79d6ab691b838bd
74d2f064a38b.h5,e34360d933c4bd2ee5f0a05e7e1a50ba1a2f9397f6efdf811f472b1fad3efa79
RF3da637a.h5,0dd99e3e067d073d8f1391b0c8a3d1ce02e3441ae32db3c8f04856d6bde936fd
RF3da7c8f.h5,f3a420c724b7267d2333b99ffebdba5d9c2697ebc62b9e83a8b963322f749586
5a7d33d9b03b.h5,d57b20edb278594b969c44576ed8d9bd45c4a67e5e6ea6952e81630bcb67a86d
RF3da713a.h5,a89af5c693275995f675eb1d589cfa42feb909cb93d08d9a2bf65ffbbbec472e
RF3da51ab.h5,27e8d2efff8e2c8cac6d4c162c4418b1f269a715eca5ac29ab8f0611d5da0caa
9NF5CB8D.h5,f22166c46492e7e1aa7596891a18f0d070edb24759d171c42dcfa9df22f81ac8
b6afee4a6f10.h5,9fe52918e452d933b458107970c6bb9049c501d3d8d6c3c2811ddf7495149e47
7dba5474742b.h5,86d166a2cdbb19567ae1e26fbaa8ba4461d023b3b53c1f9d1213800877fb6149
ZW4H5AqMh5.h5,36a8e3eca1dd79eb5596738ad5c1b1b39130705437e04cc95c18e54648f76fce
7423bfcf4862.h5,cb51fca999334a7eac1164856a67340724950157c72839771f2fe98866d9466f
ZQPK97FE.h5,280d0add6925c525fc7f8094966aa39b8e716e74a2957076ff766af80183b99e
RF3da88ae.h5,cf5ebc4103d7d5a039043676483ffb26a84ebbebb6dec58768399dafe7f69e7f
36e9fdba9ad1.h5,b08f0dcf7643e175049c3477331a7e89bede3031ec64642ee1240709e8a2be96
UC7C2PBC.h5,aa6f665dd2ef60b4fb126515f86ff1351c3c72b5f4420f40cf52816030f33185
J626UMTC.h5,d5ffea3d70fb72b2059de4ca0722633ffe3efd1228962aad7e939cac3168dcab
8dc5992dd365.h5,78dd65006986a3d6d4d13025c20e8068674b697df5a51a9191ab9be8200e347d
14716878f2cb.h5,50e3e4fe2c66a36d08f3b19ec417d8381ea460ad9cd00d856f667a522e1f5127
RF3da525c.h5,268752f73f03cc659f4042f5908e20b0b9e1d64970ef71fa18d938804528d94e
3aa9555a7563.h5,1bf4588ccc3ca58d0a389b8a74e012dbbcb6e0aa00f93f6269c7554da9fd2673
DHX6P4EQ.h5,785c7d560c07abbc9c032fd6ac88b8e3f814c4a236e1a2ad96894c7f5507f3ce
RF3da86fa.h5,709e26b45429be1a8de37270db4aeb8798aedaa487226bfdfbe72721f21a69b4
7FKFSBZY.h5,05b9b71351cb16b4705ef959b11e780018395b1fa7d36f7b25b739e41f04716f
b7ec8621f444.h5,439eae72d394da293e459d27be39bd3c2074777cbd8eac11c2247bd343a58f34
474373793cdd.h5,5a73ac481503543f6d3cbf765a627697f56bdcb8a2908aadb4d9e12fb5953f39
D326N7PB.h5,4d47446b93c0d3cd0800cfddad5e369d459303c846e86c010f4697246ef1f70b
whfqSrTBmO.h5,6aae33e3d4e9aac56f19b08b9b7801b30ad231ea79e977df70ef2d28f31f2d4e
RF3da687e.h5,7fc10180e1c2adcbf5b54b1491897517cf922261339302556e085af7ea429f7d
RF3da8b6d.h5,1cd5c424c4ec4765580fb978e16d36b28a9c583605081ef152037a017e0d4939
c61782518a16.h5,dd45ca8f6d51aa3a74bb4158f5f038df8ef488f2de68132f42103481595c6555
bbbcb9307277.h5,54d93f6c8d749782633c7f0692d4b88d34e6e09d8c080b3f0ba909388707c545
TH5A647D.h5,cd32ea4c5daa3cc13262ac015227a493548b9b072a5a6f4c665d4f3ae712759a
547c50f0745d.h5,ef11029debb5b983d350868f250791bb56ef48b56de8ed6dfc048885b31d9228
4SKU9AVJ.h5,303ad5abd77532c0753f4338f4ac75a8397406a9d3bedcecb062f52c4867cd47
xkz0VpWG0j.h5,1aaed321655e773dbf2a7811e71f6cec13fa44d245e84db2daf92827d812e67e
RF3da984b.h5,ee6b6265eae207c99f317e1ca78621f3740e603b5ee441c5b31868357183a3f3
14YxdNAU6t.h5,acfc6df1db85058f26ca1fc0eafff713bcc9be8dad60881fb75bb3f36792c334
0f2071f4d56f.h5,31b3584afd9a9bc3dbb9201fb5be9a138515da69889497ec2b34e86069b8f3d0
4ZQSEZ9A.h5,5ff0cef9825fa7d8ee29ae9a72bc7ee4fa7ec8ace639233b7b473d95d96bba6b
6U2H7JU6.h5,c8a331dc290e3664e38fe78f80f425ae6bdd5f105fce65195c5c5786714bec50
5cbe9d5bdd26.h5,e7289b43056a90fb076b939d01f17b9ba642e76c56f5b58d66959dee6cc32b67
8x4pdMue22.h5,bfcb73be9458c43557b3d27989fdc1cd10b3a2e045699e5c3a74aef09a7feea0
aVFZn90S2M.h5,bcad611cbd79b86a0c2fec5e7597b06b5dd57b7235d0f0c25a00565fe6ec8bb2
0ba2a0a649ae.h5,54f5a22a87e9efb738e8a1cf4b3ab790aa9fb918638a99e0bf8d1c407b012173
16da1119699d.h5,f8de8c9420525addd6e0e3e27810fe53bbe083432eebba16bf00d5eb6b092913
11077f2ae307.h5,d3d477368a477c58fab9016b1478f1db29ab3622576b1e17520d065a66e53ee2
69323cf64dd4.h5,dc09e7db2ddc6064c49a92d6a782580cbed9577d1d8034a587b7268d55acd51e
TTtnakEvvS.h5,c66139c6b6d356001e598ca110a69d24efc49fb23f6c3412b71afd8edb78b4c7
xN4FQ364Qb.h5,c2b3a1f192553b227a6ff562ff188384c63ae5c7d70fc6c9c21d7bec3345a2f5
7453NCCA.h5,c46ed34ec2b9b6d316713cb566f6a4f2776427e957264e20a5d1b801d2092bf7
450e30bd91e4.h5,e2fbca0675c96198555c4020e3b815ccaa4540aec287995aa6f4da9071279754
RF3da42b3.h5,8c8e39d04d009633c279f04c05fee36b2911b8fd5978b13ed1be250719d28489
kiPBiQQTpJ.h5,74b5510f0fb7b07209909a5329cd63739f5ab6b380634394fb47873d345acadc
RF3da5cde.h5,7981c2e21aeb955f38f47515ac14cfd1f0e05eb900423742f334774d4e379450
0eb67a643f4f.h5,fb8b32f5196a396828ce2d38fa3dc2a008ba5c69addcd10c71497e2c9a720745
CQ9LkwJtvA.h5,3b334d2dc61e80c1784e98a6d981952ec7bd39fa816b692712984c2579aadf55
3386b59c26f8.h5,3ef48ca38f7b40942528c4e4cf0547e2bb1f27fcd9d8eafa42b1d83d1045f8df
a36f950aa3e0.h5,c39d0729e89c19688b987b373e9e3d39df859e90ee563baebe1617ec71353d4b
RF3da8fde.h5,b28c4421f252718d810ab2e0065f5e6a8512bdf2661f4061945e6d7237480989
cd8581db8228.h5,66ec2ee024d848873920f4d8bee030bdd76991e9f448f70b25ef1a7db8c1c2ca
63a75a7b509e.h5,ac321d9bf990898b5bcf7393d167478c08d99b247bce78d81b629c92b6ce49f2
36f0c417e1cd.h5,6127bee82bf1f9393715c5bef0defd3409b1298048c2aadd4328948ce83f96bc
FSNYYZV4.h5,1086dfadc772fd0d00c706bf63b113968f605f6a2d83c8ae1a495767bc3d2bdb
2f6a567f0a68.h5,22854d5000f1eeafdd2b0a6761ed10f2a6476e3829c08b544f22744f0e0b3d5b
oS64bHw3Ez.h5,3a8b942fe79f646f972bacf153b261872c069186c851d27aed45458278f0a818
TB5BDJH4.h5,e99129dd3df692a23811da7a6742a51d812e8e3eaee9527950b12895b315925d
86b04ade9b06.h5,1aa995c9108e97722f1cb31872999c6cc357591598bf6d459f53e3d9f12c4a29
RF3da8b5c.h5,6e25816971ec1d71181895434f362f21bf92bb430f8adc8a19081d71a09b2ce7
5fe7adbd9047.h5,e10f0a3ebc957970d7b52753575e7222acb8f1700f8ebd8a6402f8f37a110c74
DNXP84ZS.h5,7e7dbc83f9f796e36edc99a38fe5870c240d472fb5c0564c83dc48f99299c326
E979M2PX.h5,82fd1b0645b3d8f4e5edae8ae4c60f6963594c2516a4056bd61e4a0752165a55
RF3da695f.h5,71cb67784844be84a068734725659fc59a1d412c078111a75df976b8f331edc8
C77SSNMX.h5,6d7d57cdcec6fe23eb4d51f2a29f4f2a6159ea8c78592a68179062091da09e6c
UCkS1rZyY9.h5,b9ed4d2015dc8a2c530c522a61af23220567af7291818143f58a94b61e1f408e
FH3EHPUX.h5,04d9dcb4568c40c3ccf3460a57013823bd0ba6cabd31f7fd789ef7d63a14ef11
ab245746607d.h5,f26fb04c153e8c385f60c53c35064b686a9efc755b1ee75d24a2a8cc9d950db2
df9471c0edef.h5,02af80429f0141455a237009766d8503cce3faa7c9c9de1e11818431df08eeb6
AZfTaSBStx.h5,b4490f27e81f35474038d6ad22dfde0580ef6b6f1aed5fb54b364ff60b43f505
RF3da43cc.h5,5acde75ea2fb7862f71084af5dc015ff5982427ad40f177b6326d2a5a2d9ccf0
d8f2e6b2b81a.h5,66a545bb855024825791fd7d1f02b0bbd4d46fbe771de846e6db92a88fc993c6
c2e104bcc51b.h5,052ffc853fedf1a446be1be409402bf3a727d7cf5dda4c693a9fbb8934f6b8ea
13a6b83d6aec.h5,75456dad96043c81eaaf07aeec7dbd57d5d79061c64f0842f3469322a70ad073
d00462543690.h5,d63b3a02dad3cbc67b3c55c02ab879b2f1b93864bd96494712e653d0e919b5fd
RF3da8157.h5,2bc5ce1f73b2857ec42501c3f90d4b7dc4bc5254ecc6ea54c4223e90ca6f495c
2cce7cc1f62e.h5,def5713ae7ffc10c4db33a37c49ee06ead2da499f8d40a78e66f381a8ad1b547
1663afc50f74.h5,b4ae4623a4b4d6be688c95b5a77afde1d8e0f354c37cb868170710454c461aa4
ajr7965TzP.h5,dbb8bb88be6dc94b5c9bc4819f0b170f479ed69fd79a852eb1e31bd0a75ebefb
F4T69MH7.h5,ec3af5164be994e411045970af801089ae9225330ad5f4fd28f8e5dbffa1b0b3
FKDU9C4C.h5,bb617d44744ff4bb91f151cc7184e0a6e91df861ed32d699ba593af9025ef9bb
Wo5vKcvqQq.h5,9256499638ab3539c2848cb99a1639919b925c1ee1926287ce685c96fda65d3d
93XuvnLP1F.h5,32be1441c7b399f859d5ac0ecf86dedae30bb5695602bd4c79da00d72d0ef727
43136bdea83a.h5,ee95de6a8df1a0cdbed901c8b6a47a4307abbadbecdd02300657078cc3b196ac
PqQ1k6rsIU.h5,dab7e61a63c21a282d1fae7e20fd807886d49b0cc9ca8cf9714eda2b2fafe358
QlOYbIPhAy.h5,58bb9848a65b7c92daf1474e7ee1a19c884242c345a0e593f7105362fa474f64
18818110182b.h5,49979a0296a7104e07c62ce4bbd9dc0b99c0f7380171ae86144d55cfa5b57c03
RF3da95d9.h5,f86e1acbca9e68e0fd3587b619f1ff224b47eadfccc0a8ebd121e6daa613df3f
43N8FDB3.h5,899379091a373be640cf0724047f0bd8bec077df436fc4c49ea3ea4b323dff0e
RF3da77d0.h5,e41e6b773d0028b4fd1d8614b7b62ef4bbebbe6160cb99c8d26a25f426912890
a18a45559b1e.h5,eae14ed4694d28164ad5030fcca24c77deeb083382f99fad5f8b92b84814d910
42b6427a8cf1.h5,0702e0018d2e56d267592d4d246f723fced2e35b536510bc820cfab09021e4b7
f6e38bf33f4c.h5,e536e9b169c5b9d10cee5b996629a07c3334dfe29ae82cf8e1707c176daeae89
d02fbbe57fcf.h5,4a9fe7591f64b17c20fee1c0eb6d046f6cacccc664c7b5f593810ea02857afbc
RF3da81d6.h5,7dea7975c8d6372e895f2f7e4f69359610c711d734ce1ddd054b6935fcbabc2c
d0d2522c41cb.h5,721d3bd280d9acda1f9d65117159c99967972c49541ca355e4995c0dd5223770
RF3da4651.h5,7f7362b6b46c3f88e8ce790bcf7427a29a8d6dac9b55f86c5dc99d3769c84426
4cc552d500f8.h5,9e6cedbf7557791f6f84bf19775d20eb0a4d706335f3331244334ebfbaa49edd
RF3da5137.h5,f33288eb5506c718022b3292ede1f850dd85b26c1ebbb7670da0a21120e2eaed
FD4A4MPD.h5,98edc60645b67258da7509fe90f1753da51350abe762677b2449fa63d4dd509c
fc56e37da2fa.h5,05bc2751fd7b091c9580bec1601ee2312910556ee10f50ad239f11c2ff15ab72
RF3da8d0f.h5,e8a85f2e7a7cdb4b3e3e327d50f75230d722f944b26c307ab379f2f35cea5e1e
RF3da778b.h5,04653983612b509be7ba7225b02ea39d278e3c247e21a2c3f0ae2fa2043eb816
RF3da88cd.h5,897b3df106af24334e97d82452a00d394dfa02c35e01ec5cb34d4d58d400c899
UUVN5YH3.h5,8e9056c5affba58cf2abcac219e63464b21d286d19a9e90dfa16d608471cdf0b
PTCTHXUK.h5,0c079353b54a59203728ef8bbdf00f88f9aa0f68b7f65dfe9d0d7cfa646ed70e
niSfqPM2Na.h5,c4e9122d73e31dcf6daa50a03d8c1161e9110842277eb42498df400ec66d7f4e
Q9CDNTF3.h5,ed7f4662469732a41f815073d5d698bcfad8ad1074f59eac48bf404b50dd0222
3fd368d8f539.h5,25196a5e4dadfa49df889f439a5e031cf4903416e7d606a7df7893fd59ac9f0c
RF3da49c5.h5,9d5c902ea8576b2046808e055167cdbc7986ab06456e1fa7080eb60cce3e6a95
7ae0ac05ae72.h5,5922192f96c5912e152ee1c4da72a5083988dc4546c9eaf839a566b4675b6573
K5UFAKVN.h5,85ed66035a3ce4436c6711919a451b6a8ab29fc1686a409b54d82c1126a150fa
RF3da957e.h5,5312c27e7b2320d9d0ec25c52bb154049097e7b47f6306a036eba3152e4baac9
2GRgBeyI0P.h5,8afcbb378a97120ae209faad3492a21c622689e118abd2413c570d492d1fdfde
666ca2ee8e79.h5,f78e3c53cd74459706a7267b0a375b6f0e19875feeb6937eb976f7db7d540b68
3TP88SAJ.h5,88c3c6121c7915f182936fabbedf108b1ee53fdd8d76c049fb95810812789181
kBo66ZUUy6.h5,4d9878ebfac2660613089b1e28b6179a0353342d47f6ae5fceb1c95d8dad9dac
7N2QUXPZ.h5,119518ab29b8a851fb55dbb4c0a1df329839b054cba8f8ad14a13612b92e432c
3AYHT9MB.h5,a23d1f174b22d60701e0d88cdc117fdc2b73fa5c45603118eae82b78afd81a44
phP85bHuag.h5,a656bf592afd1f61a2a61861bdef48edd683a90a05f3f1d827d77daa748dea0c
4d2c7adaafba.h5,66f135ea22563894c67c52b5d9f451e6b81a6af25cc6bdc230e7221e5916d29c
RF3da95f4.h5,763d92a58fb46bbcb8323eb1d4e4594358f20e67445322d6f6c3661a86399e15
RF3da72a0.h5,3490e0f42f2aa32229b65f1efa3918d80b30b49c93304c59156639ba96f2a856
hdIbsRiSdk.h5,71ae550d354544630a11a98ac56cc4e799b7a4718f737a9e789a4b84f6c2b4e6
GH9oKcYrmE.h5,8bcb39ad55e35cb5338f73f38d734af97e3b1f6b5ddc79df3464479b45c91b75
0acd251ee708.h5,519b3e440cb18f61102f6cbd80c7e8e5f0ded26f35eb5bf1f36363440bd3cb2e
ZNYCcWDqrU.h5,d8f0277e70d0410b48d18a91a3c0105d488c6d5efaf1d046d656d541fbea8d79
946dcc008658.h5,bc939ff49bbd7ca83a21b6a17e23a97b5c2ad16f39165986adc70b95256060f3
KB9AS375.h5,5ed7e2e8626a3e205e6490e2a3dc8c1b2708a1b76e00b9156e6a41cae1c0b849
4708364356e8.h5,c6ba2d3fa6318f581331b11a7d6e25e53804a50e4eca520aed981711b60c0b14
RF3da68a3.h5,77781f18a92439bc15fb273a9f76055505269a3662949f89ba4d9a5fd4fe17be
jjabWMdvxk.h5,c48f91b9249d26fe68a5ba4b7036bfe9d3577c06ace92a3931162d90edd2b88b
24269b8dfd53.h5,2eb6c3774f60bbdcb58d9e616c4b82e7add7655eb090eddf6b81b54fa9b34461
ca45d4073e7c.h5,c355f8e5aa408090e05ba040cec6dcb077fdeb85ed852bd3d36e7e2871d18600
353f7745f882.h5,83305cfcde06542986b88d2e95fb57c4eba0d2e6f7723b6f5f04c50b5d5860d3
RF3da6266.h5,a12734b143b42832667641388e8a4650a24d0607bc6b59a726043bfd9730ef0c
RF3da3d5c.h5,dc5cce8d7212a3844491ed0dae2b9fd9e099906ac32fa1724ea8a7076532facc
9c0176794d3e.h5,7e8a3121125a6c93b7d8281afcfeebe975ff3da658d26b5e0a57449ae3ed8489
P5265J7T.h5,8a69380fb00c813f9ff0f3320fd3dad014bf2ffdb16d51081ce048b9feb2950b
FQ42EMQ7.h5,e57496f60ba4d749dec05fae429fd0f7e4033ae116d10c5c4f3631afd73b570c
194a7168bb01.h5,7f30a232c9aaa19c56d11eabf7e703b0351d77f92803b2f37d73970bf1d15cf6
Uv5JiToIoq.h5,ea7c8d509639822b9ab398a7ec3293adf1ace9b5a79e9a03af7ab314ac611a25
79e9a4648212.h5,aa3d1d0b16312c2fa7eef9df14a8f22b2ead1671c6d499044878268812be08c2
RF3da3d59.h5,4e1796fbe5a4a40c15ee5481a55d2acd116f251fcdc2ffed9f833fe92b3a9f1e
0TkFH9lBM6.h5,62a78fe6b2602eafa41afaf2c5bf0ec4386c58ddf1398177c0b770e129a46fde
RF3da9072.h5,d1af920be0707b598f354db159209ae709be55e6c819d64611e7485822c76efd
fb8e83bf3db4.h5,093a8cd86e6c388947acdb838592232fa786a9df9dd9fcbbb46f7c110f5b2fba
RF3da5a7a.h5,abd826bbfc2a7e6fa8b1218b556cdb5e3092929399a5bb47effa6b5f2e0c9fb3
f4e9a4daf096.h5,3c59c0edaaf9144820ae2d4b7edfb0f031acaedd0e3f340a2faf60bf03d1c3f3
RF3da5e33.h5,4ffaadeaa50a00a8c7dbd148be54c1d01b9d22b131a93d0c5db97a7f8c0ffdbb
RF3da3cac.h5,f6292f2507349ca9d5313583e0db970587ef21fe71b0d524c66efd0553941dab
PNU6U7SJ.h5,c74bb1a0724e75bcd63ecd66b310fa9ce74d1f897ada9b04c4647db912ed726f
yDEbJYsS2c.h5,8b46170fabbb5d4e1d2901f38f7fbfd628c0d1914b41746c427057130b5e69b9
98b60b7474cf.h5,9c17b1ed7772e287c06a19a84f74a8e333d9df9dd1e8622d1f7c3263fa10ca44
RF3da96db.h5,77cf77cf4ade8f60a57fc1f783dfea9c275426a19b48c9b9b21b299d600ea073
N77VD8KQ.h5,98f8172682b49033905b6e72f76fef26ff645e655128e1bd86a28ba38f5b5a6c
RF3da7196.h5,b787dbe78f1a42d87ef0a6f57dee8a73fd21662dd81d34efe07cb802d01d8c57
RF3da814e.h5,61ecfae60cadbdd7c27cf5dc700012da8ae8037dc56985a7c0b761545d1051ff
3abb3885106b.h5,801f65ea2f2b8e5964a88cb9c449e481c72354eddf68801b0fd0fb28673c6a68
e8002bdba223.h5,874e4f7458280ab7128cae31c24cfab9891826c48c1aebf38e66e0805835d7d8
alGEgUu1Zj.h5,91071f60c38c866fda0a70b26fbd3081fc71cb11bc3eace6cbb35a6a568aadcd
RF3da85bb.h5,64f2e32d2ae74bb9bb973441de3fccbf291f020ca6602cbe84a2f39c8a2d47d0
0b79f73facb3.h5,cfae10769471a9638534a04ebc7099388009342be1c3e2f0498a7decf970f512
RF3da4f20.h5,30c591db2f1f08fe10cb2de9e96d9060de608eb7561624dadf627f276a4bd183
RF3da56c3.h5,31d32506ec2e1689cbd5d3d99c81d4bfc1bdb5b9522de536270605978f4d97ed
db181af7dac3.h5,58aee61bfbe478253421a55463eeb124507f66ea6f0a0716bc44dca3e03a1041
3124564531bc.h5,2448134f9dac992e0a57c62d1fa22ab7d23580973ed64975a42e6f0876fdbe94
e5b25a82f7cf.h5,7037fc24ecec990ffee7b7b774f63ac798cc10fb8b56d2a89d8d5b79e38ff457
HfMVbiPB9l.h5,5dd10a80b70f8f12b0bb39ae1c7d39b7fe64bc20984c7af47fe133b3769cd01f
46e42a058b9d.h5,dad7c1441be9bf82b7bef5489c29154ab4fcf7fe60bec25475c02f73b98518cc
52a84ec05067.h5,0a4388c7e55bde3500ab85e9b8ed19a71c8f5e44c50e75b45087b20b042322db
VQN68DPU.h5,c267f8b1f331e3227887ab2764c29860671bc97c149f1a9caabcc3868bd70501
UXlAlv73ya.h5,fcb041bff88c6aff2c24cf721a27720f693c32cb82d96cbf06457190cf95a7c3
75df37f49ed9.h5,e0c496676597699b13f67375dc1208789751b961e721bce1134c179ed068ce4f
3YQB295E.h5,8039a84125dce65ceb93b712c41a3d0849db2cd82e701e80e12caed7f499810e
4R9ZL7kzLb.h5,73f7f47fbf18d23f57ea73c51a3ed5403a2a665c83bbcf918881c2c70c85f112
SDBC4NE9.h5,599e1bfe8af5b6d74e4c71d6092d751da22972be8a5330214f588caa3a4a5012
b1764d9535e7.h5,0c7f17667a7eed31edfac9534265beec09f2f411042711f88e0aa8cb6085d127
zWu3NHrYv8.h5,e2454365f3a5dac73807444fb1ad6b16a31cab043aec8b66879fae02e33dd6a6
ZHPkXpcZxu.h5,ad7b5f90ba9c2338ae7d913c1ee8034f2eb771e065381c13728b472d9cbb12af
RF3da60eb.h5,cc59c5766395d2b8db3382b471a89bbb4f8cf0e8716cb2926392ba2a555199c7
f13bd1e0df41.h5,830289eed346660e2a6633aec676b0bc25d70229b1cb32aa3575675ced0eaf90
MJ7J8ND2.h5,baa7fae16ee673357bd4c4a7ac5624865526efa9cc4ca56a816100a634c3f80a
3ityMOAejI.h5,11789b142609899628d55c3d2af9a906677e0d6296cfa910858554d343892628
03dba10a9616.h5,2a5e333f84f0bccf048471c94c8cdd46efb77587ced0e1c7cc0fdee9761108a2
4e667f130aa2.h5,11c5df726c81308c66b53f8f0a63c8edbb8d5692fd09e6d74573754c0e479f19
8F33S9TP.h5,a2f67f25e9c8286d036fe45c41d92091fefbaf1739b3a95cfe309b788b2618da
25Z29J6A.h5,30c10eb2d2a501213dbc07a9352ea9144e8a322e876ed833ae55f315bf7003da
9M26lrsBHF.h5,25345c7435172606b3abcd3eff8968833e658a24d8d7a59765f864043c7094bd
81314203ee3a.h5,217fe1bb1962291b91062f2343bb8d02f190254e3dda265e7c37d6a970a105ff
RF3da45a9.h5,1972d2500d341e7f39d21305e2f391a8e60cfa9e56ec79166019c2c4220e42fb
AXkAmg61ri.h5,cd7c7c455b35c632cd3b693bf0e17a8ca30142f7268710b6b959e868e25e5a58
PN9Y5T9S.h5,6fa78add0ff14eabfc7ce2dc4e359ea355faf3001b760547318878803d84d551
0a2626fb56da.h5,6a05f76973df0f5a7403207aefd012f84d282c55c51985b479cf696dd0ec8856
S436KHFC.h5,eab0902aa61d800028f1b1a2c78c5c0e3728a336665b6aecd60e0e6727e24e2c
hevCAzwRn5.h5,b9ac36984fdc998cccaac1bf5f0187c4317bff4491ebe15c7cce81cbfc00e074
RF3da3d95.h5,a15ea4f59bd586740b25e2a2257abaf8c133fa062793bf0a21d2b537a9dc9e5a
QABA36FV.h5,9305669aa0c3e34d37de3e08eee79966877ed0e956d9680e4616ae85665739d9
67780b757e96.h5,ef2da7c37561569cf429faf8b5003959b976becadf5e06e055cceb3e0ad99180
226ec1b10b32.h5,6c1c652773e370b9eb140bd8492f3bf2f2b5e987e228af8d8f30dd705007bb9a
610e9645dccf.h5,b07dff411534f7ad034aee24469c08e339629b0c469e1e4f2bb40c38f1e4ddb0
403da900bcc5.h5,52b7d90736a0840be4f7f61c55ad58236c5cfc8839949ff645c0e3e303cfd940
61ec3d9961ad.h5,bbe383b035e0025ec3e9c42da86769b7b51a50854850daffc4110e1fb6515fe8
RF3da603d.h5,a011b75bd9f14a8ffcd9b20c54ceef96fe193716c407cc17e63c92f00eb57724
afb6a03a88a2.h5,eeaa4ed3303945f4b3b41e2648866de7e86d0280cb0aaa8836df00839741ab40
24JO8ayn1F.h5,c9b116172344d84fd1555416f38ca9b1195399d9cd0d92e58e81630a3307ae80
IdgF6UPuHm.h5,1dd3a2b6906ac783c8e0e2c54e5082a19b8d9f92225838a96a8c849f694c8545
qggxktzlNQ.h5,c6363f09932130e201a0c5aa2be7633b5990a075c2acacf08572a1e407974569
44e21d3f8120.h5,2bfa03b95f129973fe900e3197063b4b55a3739fa12f179d5bb17f0193ff5bda
6383932d39ba.h5,0fea28d3090e0212edf85511f01ea20a6d6b75b78e5795a08add9af1b63773ec
d90f8e5f0605.h5,ba39605fbbe387a58b61b8aaf6e792866dbca5544d08c19cf7a75d8733ac47d3
RF3da8379.h5,166b434e2b1bb29f42f85679504e601d5af6261b0bc75463862f91a6cad07dd5
BtEfrRrSFy.h5,a4168358cad7163d1bed0c98d5656ceb45a95e4952dc94876c1e896298bb4e37
457424b5723b.h5,24c935622939727c6ae313ffe2ea3d354c5cf75952bffea25205b0b54a82a6db
Ctob3h5YMw.h5,4bda111f029571e32fbed1ae4b51c302b80349012d1b359cf00dd1c8c3e89d2e
ef8658687315.h5,a3fff8232dbaecd9d9d4128f30198a323c3a809f09a418159bf27abfc170a692
b2ae56582e3b.h5,800de6b0e4a5766dd5951515df72e224fd926f0c9eb8594bf4121e5f5e8d3758
654169e60efd.h5,3c53881d79b689d4c4d01e503f1c9be518d6977f3d48eda02f15c906fb93baf8
eaff63cba41e.h5,b6b0c9c6848b572f0f1a6ac89dcc990b0eb5da572d3a94ebfb38b806576774b2
9acf18c03856.h5,f53c640fa01fce1e3f85c9db51b6bf8e693c7a82a8640e322e1989ce3dcfd5d5
680dc97af21f.h5,d4f9b2405349e612ccdc6a90b8e6ba09279f9810807a9575913e17f662be98a8
CxxkwYCdiV.h5,1768625ba94f610e5cd4b335c7fc7eea63b7cceddc02e49b472ac33a64c78cbf
ajyVwet63r.h5,3c4bfe466b763ab93de3b989292ae30ff3a88db6618a5b24e81f5e05030e1388
7rJDjj65eh.h5,4ce186f4feb81ac2e949e68f9b6f1db10aac99323d0f790a1df962eaa2d977d0
b6741bd0a497.h5,1b0beed9977f835fe6cc89d0c0cfe3533224f4ff7d2a01019bc12d35b1d4c743
RF3da5d72.h5,47a21db038a4aec9bf47458ba5fa79cba16aaf7814f213cea0f36f2b6c0f2750
036ccd9230a3.h5,2f786b4e42315d5aa3db34bb947196aafdcc85894b5ccdbcbab2ddf13532ec08
318fd156fcf8.h5,5b73afe091e36dada0dfe62c1b087c463a2079cb4ea5583695f5fba1f4232f08
66c37c49e9b1.h5,cb26c5b59ae10339daaf7c29db35872d9490bda9fbfd1e481a636b0b50de9c9c
x11ri5A6hX.h5,a0f75c0c2062e87e81d5bef700aa7fef2199b335090262e22daabca87b42560c
1a99f89eeec9.h5,cdd5799472cf1fb4fb765a029deb2968a17333f92b3cdbd6ab66486013784da1
735a6f5df709.h5,2edc452b75a47d7e76e8bce5b0d4ebc6bcbe06dbedd6ecb095482845cd2a18e4
e369329c4c64.h5,227eb71e23d800ef21f239395b6eb60cf680123ba0b7af6c4fff391ac0d910b7
6e142701408e.h5,04350ff778ddaf076fb5dd2a39e817cf59711912847b0cba7173562d0a9785e8
IVLsMviFqS.h5,f45fb724109dd2134cf8822d64e252f186fa68d2a843a2ce2dcb18febb2c3eed
RF3da44ea.h5,29b4c6978861bd297252f7b73db1d72df0659da01b9b7655ab931abb7d32565d
EATF6JPH.h5,7c0724547aca2c6596093135ffb2b56f00fd377c9b2f4c6aba508b06bd9785a6
b1c5b98e9092.h5,d513e7ba96ad39c75b011675c9ad2de9e78f1d1e9a7cf5e4754499c6e65a7087
2a34ccf7df96.h5,770a0c04b3be819ef852ddb991b8e53f8d9ca0a10df271da855b38baf1c635be
jn0JqHUfj5.h5,e132ccd521f6b5dece22ab7a98887e8357337aa02fb8a315e6f557f68f7804b5
7lLxC9fiVs.h5,bfa7fc3170373297aff55a48795460c4e18d8a39870c6079f272c36c4a6f4e13
RF3da503c.h5,2c262d7124d61ffee836e7eab6ce104de190590d57de0137b3b36557bd7afc81
7DMTJ72V.h5,4a2e0b9743e234d4c79bc1ed04dc990bb16cd61a74d486b8cedb6eab5bcca346
Iv8ELqzGzE.h5,ff647874c62e491930d691d2cc76ba90e5d0fc0a2ae9fc473ffa6c93ea1fee98
sUrkibDFFN.h5,b95d084c7ded7419ded4c0d448e8895541dd8891b36528d6dafca0dbca60bc19
8fa49b62622e.h5,44281e1b7f923478a888f830686bc4c2a3582395a706e448e762ea65421df6f5
MVD5ZMN4.h5,1c745f4ef1b78a3744501d000cf03824a8a1d2589b7bdfab5440fe6cc1ebc1df
lCo5apuBGE.h5,0b569aa0ddfb583209ad32f8c04139bcaa43aa575792a6d6becdddeca568bc09
RF3da9118.h5,82872aeaddc0f657c63355ccdfa18b4186d8f5eb3b4a2a01f256d72a2fa1ead0
RF3da760b.h5,ad9196df5a93aec71bd08fa078da9b3e5dd95cc944af4937b28b5c551269afbb
FKP5CUM8.h5,60420d9507a5121c7b9b99fe6baff44a14dc0b9d0b6655c6051aedd10bfafb7c
RF3da62b0.h5,0272bcc769aaa5968db74685adc2569347bfd92bf7afe11c8add52e82bd03b46
RF3da72a7.h5,95727ca0e846ace0946703a9c58ce1f00ae079cad8e99fe283b9c4f94d3b86e8
9d35f5cd9851.h5,421e56a8905bf75699ffc2e4d69fbe35c1d138436aa5e727992c0fdcec538fc9
F9SEZSN4.h5,eea0bc1dcb1b13eecea4b0b59a4bbef7ced83c9c9a31e66f2ac02ccfcbe36dc5
d8c5107d99fe.h5,25faa4e41e45f0aa5a7d7bddc96698c6c5fe01442e4cee63c66f1fc582c78ae8
Qo7KJiLUyO.h5,226902b15fbce29f922fac908cc0b3127529192d861078c5c1843a3888f3e32a
